{"inflow_min": [0.0, 0.0, 0.0, 0.0, 0.0, 0.0, 0.0, 0.0, 0.0, 0.0, 0.0, 0.0, 0.0, 0.0, 0.0, 0.0, 0.0, 0.0, 0.0, 0.0, 0.0, 0.0, 0.0, 0.0, 0.0, 0.0, 0.0, 0.0, 0.0, 0.0, 0.0, 0.0, 0.0, 0.0, 0.0, 0.0, 0.0, 0.0, 0.0, 0.0, 0.0, 0.0, 0.0, 0.0, 0.0, 0.0, 0.0, 0.0, 0.0, 0.0, 0.0, 0.0, 0.0, 0.0, 0.0, 0.0, 0.0, 0.0, 0.0, 0.0, 0.0, 0.0, 0.0, 0.0, 0.0, 0.0, 0.0, 0.0, 0.0, 0.0, 0.0, 0.0, 0.0, 0.0, 0.0, 0.0, 0.0, 0.0, 0.0, 0.0, 0.0, 0.0, 0.0, 0.0, 0.0, 0.0], "inflow_max": [4.0, 3.2222222222222223, 3.6666666666666665, 2.7142857142857144, 5.8, 3.0, 3.2857142857142856, 2.75, 3.0, 2.75, 2.6, 3.0, 2.8, 3.0, 3.0, 3.0, 3.0, 3.4, 3.0, 2.6666666666666665, 2.4285714285714284, 7.0, 3.0, 2.6, 5.666666666666667, 2.6, 2.4, 2.6666666666666665, 2.75, 3.5, 5.666666666666667, 3.0, 4.666666666666667, 3.75, 4.2, 2.6, 2.2857142857142856, 2.375, 2.7142857142857144, 2.5, 4.5, 4.0, 2.5, 2.6666666666666665, 2.8, 2.3333333333333335, 3.6666666666666665, 2.8, 3.0, 4.0, 3.6666666666666665, 5.0, 2.7142857142857144, 4.0, 4.75, 2.6666666666666665, 4.0, 4.0, 2.5, 2.75, 2.8, 3.25, 3.0, 4.333333333333333, 3.0, 2.5, 3.0, 3.0, 2.8, 4.5, 3.5, 3.0, 4.0, 3.6666666666666665, 3.0, 2.3333333333333335, 5.75, 3.75, 4.6, 3.2857142857142856, 3.0, 9.0, 2.5, 4.25, 3.2941176470588234, 4.0], "outflow_min": [0.0, 0.0, 0.0, 0.0, 0.0, 0.0, 0.0, 0.0, 0.0, 0.0, 0.0, 0.0, 0.0, 0.0, 0.0, 0.0, 0.0, 0.0, 0.0, 0.0, 0.0, 0.0, 0.0, 0.0, 0.0, 0.0, 0.0, 0.0, 0.0, 0.0, 0.0, 0.0, 0.0, 0.0, 0.0, 0.0, 0.0, 0.0, 0.0, 0.0, 0.0, 0.0, 0.0, 0.0, 0.0, 0.0, 0.0, 0.0, 0.0, 0.0, 0.0, 0.0, 0.0, 0.0, 0.0, 0.0, 0.0, 0.0, 0.0, 0.0, 0.0, 0.0, 0.0, 0.0, 0.0, 0.0, 0.0, 0.0, 0.0, 0.0, 0.0, 0.0, 0.0, 0.0, 0.0, 0.0, 0.0, 0.0, 0.0, 0.0, 0.0, 0.0, 0.0, 0.0, 0.0, 0.0], "outflow_max": [3.7, 4.0, 3.857142857142857, 3.25, 6.6, 3.4, 3.857142857142857, 2.75, 3.0, 3.3333333333333335, 2.4, 2.8, 2.8, 3.0, 2.758620689655086, 2.25, 3.25, 2.4, 3.0, 3.3333333333333335, 2.5, 7.0, 2.5, 2.4, 6.0, 2.6, 2.4, 2.1666666666666665, 3.0, 3.5714285714285716, 6.0, 3.2, 5.0, 4.5, 3.4, 3.4, 2.2857142857142856, 2.25, 3.0, 2.1666666666666665, 3.5, 5.0, 2.5, 3.3333333333333335, 3.2, 2.6666666666666665, 3.6666666666666665, 2.4, 2.3333333333333335, 3.25, 4.0, 5.0, 3.0, 3.6666666666666665, 4.5, 3.6666666666666665, 3.5, 4.0, 4.5, 3.25, 2.75, 5.0, 3.6666666666666665, 3.3333333333333335, 3.0, 3.0, 3.5, 2.5, 3.0, 4.0, 3.5, 4.5, 3.0, 4.5, 2.8, 3.0, 2.5, 4.75, 3.5, 2.7142857142857144, 4.0, 9.0, 3.625, 4.25, 2.9444444444444446, 2.75]}